공간정보일련번호,공간정보,마리나항만명,행정구역명,전체주소,마리나항만종류명,소개설명,대중교통이용정보,차량이용정보,날씨설명,조류정보,보급수리내용
1,MULTIPOINT ((1097826.27275662 1657254.55330065)),사곡 마리나,경상남도 거제시,경상남도 거제시 사등면 사곡리 757-2번지 일원,레포츠형/기타연안/계획,"거제에 세일보트와 딩기요트가 처음 시작되었던 곳으로, 거제시 윈드서핑(요트)협회에서 위탁관리 중으로 부담금 감면 등 각종 인센티브 제공을 통해 해양스포츠 저변 확대가 가능하다. 통영 IC가 지근거리에 있고 거제시 진입초입부에 위치하고 있어 접근성이 좋다.",거제 고현시외버스터미널 → 일반버스(41번[고현-옥동]) → 거제시요트장하차,"▶ 신거제대교 이용시 : 신거제대교 → 10.88km 직진 → 거제시 요트장(모래실마을) 방향 우측방향 → 지하도 → 해수욕장▶ 거가대교 이용시 : 거가대교 → 송정터널 → 통영, 시청방면 우측방향 11.57km직진 → 사곡마을 방면 우측방향 → 해수욕장(거제시 요트장)",거제도는 온화한 해양성 기후로 겨울철 북서계절풍 시기에도 대한난류의 영향으로 따뜻하여 기온이 빙점 이하로 내려가는 날이 거의 없으며 여름철에는 남동계절풍 및 해륙풍의 발달로 비교적 시원한 편이다. 그러나 풍속은 강한 편이고 습도가 높아 비가 자주 내리는 지역으로 주로 6월~8월에 40% 정도가 집중된다. 거제도 북서부 지역은 봄철 안개가 심하다.,사두도 북측에서 창조류는 0.kn로 남쪽으로 흐르며 낙조류는 0.3kn로 북동쪽으로 흐른다. 복잡한 해안선의 영향으로 비교적 약한 편이다.,급유 : 일반 유류 취급소 이용급수 : 자체조달수리 : 각 항구 수리점 이용
2,MULTIPOINT ((874573.496825844 1598836.67228499)),팽목 마리나,전라남도 진도군,전라남도 진도군 임회면 남동리 산85-7번지 일원(팽목항 일원),레포츠형/연안항/계획,"현재 개발 중인 팽목 마리나는 풍속 및 풍향의 변화, 기온, 파랑 영향, 지형 및 토질 등의 조건이 양호하며, 서해안과 남해안을 구분 짓는 지점으로 지역 간 네트워크 거점 역할수행이 가능할 것으로 예상된다.개발규모는 총 100척(해상 50척, 육상 50척)으로 계획되어 있다.",진도공용터미널 → 농어촌 버스(팽목·서망[팽목·배]) → 팽목항 정류장 하차,경부고속도로(45.9km) → 서천공주고속도로(59.1km) → 서해안고속도로(148.3km) → 진도대로 → 진도항길,,,
3,MULTIPOINT ((1111498.99821839 1678189.25411907)),명동 마리나,경상남도 창원시,경상남도 창원시 진해구 명동 335번지 일원,레포츠형/무역항/계획,"평균조차가 적고 해양성기후로 온화하며 안개일수가 적어 레저선박 활동에 유리하다.또한 진해 해양관광단지 조성 사업으로 인한 복합적인 관광개발이 가능하다.개발규모는 50척(해상: 40척, 육상: 10척) 정도로 예정되어 있다.",▶ 창원종합버스터미널 → 일반버스(151번) → 일반버스(303번)→ 해양공원입구 정류장 하차▶ 마산종합버스터미널 → 일반버스(163번) → 일반버스(303번)→ 해양공원입구 정류장 하차,중부내륙고속도로 → 삼호로 → 봉양로 → 진해대로 → 명제로 → 명동로,,,
12,MULTIPOINT ((1099361.25695573 1675356.53784972)),구산 마리나,경상남도 마산시,경상남도 마산시 구산면 심리 산179-1 일원,레포츠형/기타연안/계획,"구산면 심리 일대는 해양성 기후로 기온이 온화하며 만내에 위치하여 파랑의 영향을 적게 받아 해양레저 활동에 적합하고 풍속 및 풍향의 변화, 지형 등의 조건이 양호하다.또한 구산 마리나는 구산해양관광단지 조성 계획 중의 한 관광 시설로써, 2015년 완공 예정인 마산로봇랜드와 연계개발로 인한 시너지 효과가 기대된다.",▶ 마산고속버스터미널 → 62번(일반버스) → 윗용호(용호마을회관)정류장 하차▶ 창원종합버스터미널 → 801번(좌석버스) → 62번(일반버스) - 아랫용호 정류장 하차,경부고속도로 → 영동고속도로 → 중부내륙고속도로 → 경남대로 → 쌀재터널 → 현동로 → 구산로,,,
4,MULTIPOINT ((1082637.06061804 1674053.59184183)),당항포 마리나,경상남도 고성군,경상남도 고성군 회화면 봉동리 183-5번지 일원,레포츠형 마리나,"따듯하고 비가 많이 오는 해양성 기후를 나타내며, 산림이 군의 80%를 차지하며, 레포츠형 마리나로 개발하고 있으며 개발규모는 100척(해상: 50척, 육상: 50척) 정도로 예정되어 있다.※ 현재 마리나 공사로 인하여 당항포지역의 낚시는 어려운 상황이다.",고성 여객 자동차 터미널 → 농어촌버스(배둔·구만·개천·고성공용터) → 상촌정류장 하차,송학고분로(0.4km) → 남해안대로(9.2km) → 회진로(4.1km),"당항포 마리나가 속한 고성군은 따듯하고 비가 많이 오는 해양성 기후가 나타나며, 연평균 강수량은 1,334mm로 다우지역에 속하므로 해당지역 방문시 기상에 주의 하여야 한다.",당항포 인근 해역은 유조선 통항금지해역으로 조류는 진해만에서 유입되며 동측해상에서 창조류와 낙조류가 0.6kn 0.9kn로 나타나고 유속은 느린 편이다.,급유 : 일반 유류 취급소 이용급수 : 자체조달수리 : 각 항구 선박수리점 이용
5,MULTIPOINT ((1023037.81634821 1639745.89103738)),여수엑스포 마리나,전라남도 여수시,전라남도 여수시 수정동 332 일원 (공사중),,"국가 거점형 마리나항만 개발사업 중 규모가 가장 큰 곳으로서 해양관광을 위한 해양스포츠 전진기지 조성계획을 추진하고 있다. 해양레저스포츠 체험 프로그램 확대 및 다양화, 요트 운항 및 이용 여건 개선 등이 기대되며 마리나와 인접한 여수엑스포와 오동도 등의 다양한 관광지를 즐길 수 있다.※ 2014년 10월 현재 설계 자문단계이고 예정 구역은 아직 구체적으로 정해지지 않았다.",여수 시외버스터미널 → 일반 버스(333번) → 여수세관건너 정류장 하차,남해고속도로 → 옥곡 IC → 옥곡톨게이트 → 강변로 → 마동IC → 이순신대로 → 상암로 → 둔덕IC → 엑스포대로 → 여수엑스포박람회 입구,"여수 마리나가 속한 여수는 한반도 남해안의 중앙에 위치하며 연평균기온이 14.3℃이고, 연평균 상대습도는 66%이나 겨울철 상대습도는 타 지역보다 5~6% 낮다. 연강수량은 1,439mm으로 다른 지역에 비하여 비가 많이 오는 다우지역이므로 낚시 전 기상을 확인 하여야 한다.","여수항 동방파제 부근에서 창조류 1.9kn, 낙조류 1.4kn로 나타나며 오동도 부근에서는 창조류 0.7kn, 낙조류 1.4kn로 나타난다.",급유 : 이동 주유 이용급수 : 계류장 내 수도 이용수리 : 선외기 종류의 소형 선박만 가능
6,MULTIPOINT ((1149386.72709593 1686176.59568083)),수영만 마리나,부산광역시 해운대구,부산광역시 해운대구 해운대 해변로 84,"무역, 연안항, 피셔리나/거점항","연평균 15℃의 온화한 기후와 천혜의 아름다운 자연경치를 자랑하고 있으며, 각종 국제경기대회를 개최한 곳으로서 450여대의 요ㆍ보트 계류 시설을 갖추고 있는 아시아권 최대 규모의요트경기장 이다.1988년 건설된 후 기존의 노후된 시설에서 ‘아시아 허브마리나 도약’을 테마로 6월경부터재개발 사업을 실시하여 해양레저 산업과 관광산업의 중요한 역할을 담당하게 된다.",부산지하철2호선 시립미술관역 또는 동백역 → 181버스 → 부산문화여고 정류장 하차,남해고속도로 종착점 → 제2만덕터널 진입 → 안락지하차도 진입 후 충렬대로 → 원동IC에서 광안대교 방면 → 수영만요트경기장,"연평균기온은 14.7℃, 연평균강수량은 1,519.1mm, 바람은 겨울철에는 북~북서계열, 그 외 계절에는 북~북동풍의 빈도가 높음. 봄에는 남남서와 북북동풍이 강하고, 여름에는 남서풍, 가을에는 북동충, 겨울에서는 북서풍이 강함.▶봄(3~5월) : 평년 평균기온 13.3℃, 강수량370.8mm, 평균풍속 3.9㎧이며, 남서풍이 불 때는 따뜻하나 북동풍이 불 때는 싸늘한 날씨를 보임.▶여름(6~8월) : 평년 평균기온 23.6℃, 강수량 778.6mm, 평균풍속 3.6㎧이며, 장마전선이나 발달한 저기압 통과시 국지적인 집중호우가 자주 발생함. 장마가 끝나면 남동계절풍으로 습도가 높고 무더운 날씨가 지속되며, 맑은 날 오후에는 해풍의 영향을 많이 받음.▶가을(9~11월) : 평년 평균기온17.2℃, 강수량 262.2mm, 평균풍속 3.4㎧이며, 태풍으로 인한 피해를 제외하고는 가을철 이동성 고기압의 영향을 주로 받으며 대체로 맑은 날이 많음. 가을이 되면서 일교차가 커짐.▶겨울(12~2월) : 평년 평균기온 4.7℃, 강수량 106.9mm, 평균풍속 3.7㎧이며, 찬 대륙고기압 확장 시 바람이 강하게 불고, 남해상을 지나는 기압골과 동풍의 영향으로 비나 눈이 내림.","일반적으로 해안선에 평행하게 흐르고 있으며, 광안대교 부근에서 서~동으로, 동~서로 흐르며, 유속은 0.2kn로 나타나고, 대체로 느린 편이다.",급유 : 이동 주유급유급수 : 계류장 내 수도이용수리 : 선외기 종류의 소형 선박만 가능
7,MULTIPOINT ((1085837.36916185 1648626.28433408)),충무 마리나,경상남도 통영시,경상남도 통영시 도남로 269-20(도남동 639),리조트형/무역항/기개발,"항내로 파랑의 영향을 적게 받고 해양성 기후로 온화한 지역이며 금호리조트에서 개발하여 체육시설로 관리 운영 중이고, 통영시에서 도남동 해양 마리나 조성 사업을 추진 중에 있으며 수상 레저 조종면허시험장 및 통영 요트클럽이 개설되어 운영 중이다.","통영종합버스터미널 → 일반 버스(101번, 141번, 121번, 104번, 105번) → 유람선터미널정류장에서 하차",남해고속도로 → 서마산IC → 마산 → 고성 → 북통영IC→ 금호충무마리나 리조트(약 2시간 소요),"통영지방은 남해안에 위치하여 바다와 접해 있으며, 온대해양성 기후지역으로 기온의 연교차 23.0℃로 한서의 차가 심하지 않음.연평균기온은 14.7℃, 연평균강수량은 1,450.8㎜. 봄(3∼5월) : 평년 평균기온 13.2℃, 강수량 391.5㎜, 평균풍속 2.7m/s이며, 안개로 인한 시정장애 현상이 많음.여름(6∼8월) : 평년 평균기온 23.8℃, 강수량 736.9㎜, 평균풍속 2.5m/s이며, 국지적인 집중호우가 자주 발생함.","가조도 북부로 안정항로와 가조도 동부에서 칠천도 북서부를 지나가는 통영항로 부근의 조류는 0.5kn~0.9kn정도로 빠르지 않은 편이며, 칠천도 동부의 칠천수도 부근에는 1.4kn~1.8kn정도의 창조류와 낙조류가 발생된다. 용초도는 섬을 따라가며 거의 완벽한 왕복성 조류의 특성을 나타낸다. 한산도와 용초도 사이의 장강 수도에서 최대 2.9kn의 창조류와 1.5kn의 낙조류가 형성된다.한산도는 육지쪽에 가깝게 있어 조류가 약한 편이다.",급유 : 일반 유류취급소 이용급수 : 자체조달수리 : 각 항구 선박수리점 이용
8,MULTIPOINT ((931460.953719182 1591729.62795075)),완도 마리나,전라남도 완도군,전라남도 완도군 완도읍 북방파제 704번지 일원,레포츠형/무역항/계획,"완도 마리나는 정온수역 확보가 유리한 완도항 내에 위치하여 개발여건이 양호하며, 국내 주요 해상 문화유산과 다도해해상국립공원이 있어 관광문화콘텐츠가 풍부하다. 또한 완도항 내 주도 부근에는 정부에서 운영 중인 완도항 요트 계류시설이 있어 사전에 요트 계류 신청을 한다면 이용이 가능하다.",완도 공용터미널 → 농어촌 버스(장용 → 완도[동고·대평·명사십리]) → 교보생명앞 정류장 하차,남해안고속도로 → 영암순천고속도로 → 장흥톨게이트 → 완도대교 → 완도터널 → 장보고대로,"한반도 남서단인 전남서부 남해안에 위치하여 비교적 저위도 지방이며, 연평균 강수량 1532.7mm, 연강수일수 110일로 다우지역에 속하며 우기인 7월의 월평균 강우량은 285.3mm인데 건기인 12월은 27.4mm로서 그 차는 258.3mm이며 12월의 강우량에 10.4배 이상에 달한다. 연평균기온은 14.1℃로써 높은편이고 월평균기온이 영하로 내려가는 일이 극히 드물다. 여름철 최고기온은 타지역보다 낮고 겨울철 최저기온은 높아 온화한 해양성기후이며, 바람은 연중 북~북서풍이 많고 연평균풍속은 36.㎧로 다소 강한 편이며 SE풍이 불 때는 취주거리가 길어져 파고가 높은 편이다.","조류의 회전방향은 완도를 중심으로 동쪽에서는 반시계방향, 완도 서쪽은 시계방향이 나타난다. 최대 창조류는 해안선을 따라 서쪽과 북쪽으로 흐르며, 낙조류는 그 반대이다. 완도 동쪽에서는 3.1kn로 크게 나타났으며, 대부분의 수로에서 1.9kn 정도이다. 완도 서쪽에서는 2.9kn이상 나타난다. 완도항 내에서 창조류는 북서방향으로 흐르며 낙조류는 남동방향으로 흐른다. 유속은 각각 1.5kn, 1.4km로 나타난다.",급유 : 일반 유튜취급소 이용급수 : 자체조달수리 : 완도항 수리점 이용
9,MULTIPOINT ((886269.890594185 1633460.05721957)),화원 마리나,전라남도 해남군,전라남도 해남군 화원면 주광리 74-2번지 일원,레포츠형/기타연안/계획,"해역 전면에 신안군 다도해가 위치하여 파랑에 대한 영향을 적게 받고 한국관광공사에서 해남 화원관광단지 조성사업을 추진 중에 있어 마리나 항만을 위한 배후 기반 시설 일부가 기 조성되어 있다.개발규모는 100척(해상: 50척, 육상: 50척) 정도로 예정되어 있다.",해남버스터미널 → 농어촌버스(해남-화원[남리·우수영·화원]) → 농어촌버스(화원-주광[화원·장수·주광]) → 파인비치골프장입구 정류장 하차,경부고속도로 → 서천공주고속도로 → 서해안고속도로 → 목포대교 → 고하대로 → 신항로 → 관광레저로 → 솔주광로,,,
10,MULTIPOINT ((1146717.37268271 1679026.43745351)),백운포 마리나,부산광역시 남구,부산광역시 남구 용호동 895-3번지 일원,레포츠형/무역항/계획,"조차의 영향이 적고 해양성 기후로 온화하며 도심권에 위치하여 접근성이 유리하고 넓은 배후부지 활용으로 육상 중심 보관 용도로 적합하며, 주변 관광지(오륙도, 씨사이드 관광지)와의 연계개발이 가능하며 관광 시너지 효과 발휘될 것으로 예상되며, 개발규모는 100척(해상: 50척, 육상: 50척) 정도로 예정되어 있다.","▶ 부산종합버스 터미널 → 지하철 1호선 노포역 → 3호선 연산역 → 20번(일반버스) → 백운포정류장▶ KTX 부산역 → 22번(초량), 27(부산역) → 백운포 정류장",경부고속도로 → 대구부산고속도로 → 중앙고속도로 - 모라고가교 → 백양터널 → 수정터널 → 제5부두사거리 → 우암고가로 → 신선로 → 백운포로,,,
11,MULTIPOINT ((1035792.66755753 1662436.44316043)),하동 마리나,경상남도 하동군,경상남도 하동군 금남면 대치리 1-1번지 일원,레포츠형/기타연안/계획,"해양성 기후로 온화하며, 외해로부터 남해 군도에 의해 차폐되어 파랑의 영향을 적게 받는 지역이다. 남해고속도로 하동 IC, 진교 IC와 가까운 거리에 있어 접근성이 좋으며, 한려해상 국립공원 내에 위치하고 있어 주변 관광여건이 양호하다.예정된 개발규모는 100척(해상 50척, 육상 50척)이다.","▶ 서울남부터미널, 동서울종합터미널 → 하동시외버스터미널▶ 부산서부시외버스터미널 → 하동시외버스터미널","남해고속도로 하동IC(10km) → 진교 IC(5km) → 국도 19호선, 지방도",,,
34,MULTIPOINT ((1127830.15848553 1975737.8811744)),강릉 마리나(강릉항 마리나),강원도 강릉시,강원도 강릉시 창해로14번길 51-20,국가어항/레포츠형,"동해 지역의 해양레저 및 요트활성화를 위해 2010년 완공된 요트마리나 시설로 국내에서는 첫번째로 해양민자사업으로 조성된 마리나 시설이다.깨끗한 환경과 먹을거리 및 볼거리가 있어서 관광객들이 많이 방문하며, 요트를  타볼 기회도 주어지기 때문에 휴가철 좋은 추억을 선사하기에 적합한 곳이다.특히 지상 6층규모의 클럽하우스는 항내와 안목해변의 전망을 감상할 수 있으며, 커피전문점 등의 편의시설을 갖추어 많은 관광객을 강릉항으로 이끄는 데 큰 역할을 하고 있다.","버스▶501, 300-1, 314-1",▶올림픽대로-광주원주고속도로-영동고속도로,"강릉지역은 동해바다에 접한 해안지역과 태백산맥에 접한 산간지역과의 중간에서 다양하고 복잡한 기후를 나타내어 행정구역상으로 강릉시에 속하더라도 산간이나 해안에 근접한 지역에서는 기후값에 있어 차이를 보일 수 있다.연평균기온은 13.1℃이며, 연평균 최고기온과 최저기온은 각각 17.5℃와 9.2℃이다. 같은 위도의 서해안보다 기후가 온난하고, 여름에는 태백산맥의 서쪽보다 시원하다.연평균 강수량은 1464.5mm이며, 월별로 살펴보면 강수량은 7~9월의 여름철에 집중되어있고, 12~2월의 겨울철에는 월평균 40~60mm 안팎으로 여름철과 비교하면 큰 차이를 나타낸다. 특히 8월에는 평균 298.9mm의 높은 강수량을 나타낸다.연평균 풍속은 강릉이 2.6㎧이며, 겨울철과 봄철에 강풍현상이 자주 있으며, 계절에 관계없이 북동 (NE)기류의 유입 시 날씨가 나빠지며 강수 현상을 나타내는 특징을 가진다.","강릉항에 인접한 묵호항에서의 평균해수면은 0.19m, 대조승은 0m, 평균고조간격은 2시간 57분이다.",급유 : 이동 주유 이용급수 : 자체조달수리 : 주문진 소재 선박수리점 이용
13,MULTIPOINT ((998245.296137285 1619969.80655745)),남열 마리나,전라남도 고흥군,전라남도 고흥군 영남면 남열리 212-3번지 일원,레포츠형/기타연안/계획,"전라남도의 항공우주테마파크 계획과 나로도 우주센터, 남열해수욕장을 연계한 관광 클러스트 조성이 가능하고, 고흥 우리해양리조트 특구와 연접하여 시너지효과가 탁월하다.여수~고흥간 연륙/연도교 개설과 서·남해안 일주 도로의 노선상에 위치하여 접근성 향상으로 집객 효과 탁월할 것으로 예상되며, 개발규모는 100척(해상: 50척, 육상: 50척) 정도로 예정되어 있다.※ 마리나 공사장 주변에서는 낚시를 할 수 없다.",고흥터미널 정류장에서 고흥~영남(송산·천학·금사·양사)승차 → 남열 정류장 하차,남해고속도로 → 고흥IC → 고흥로 → 우주항공로 → 과역로 → 쌍정자길 → 여도진로 → 팔영로 → 해맞이로 → 남열해수욕장,"해양성기후의 특성이 뚜렷해 난대성 식물이 많으며 연평균 기온 13.5℃, 1월 평균기온 1.2℃, 8월 평균기온 25.8℃, 연강수량 1,452.4mm이다.","소옥대도 남측으로 창조류, 낙조류가 각각 0.7kn로 나타나며, 마리나항 북동측의 낭도항 주변으로 창조류, 낙조류가 각각 0.9kn로 나타난다.",급유 : 일반 유류 취급소 이용급수 : 자체조달수리 : 각 항구 선박수리점 이용
14,MULTIPOINT ((1049299.6503573 1663202.03127148)),삼천포 마리나,경상남도 사천시,경상남도 사천시 해안관광로 339(송포동 1370-3),레포츠형/기타연안/기개발,"삼천포 마리나는 경남 사천시에 위치하여 한려해상국립공원의 중심지로서 푸르고 넓은 바다를 한껏 느낄 수 있는 아름다운 해양조건을 지니고 있다. 바다 속을 탐험할 수 있는 스쿠버다이빙, 수상스키, 제트스키, 카누 등 해양에서 즐길 수 있는 다양한 해양 스포츠를 즐기기에 적합한 조건이고 삼천포 유채꽃과 삼천포 대교, 사랑도 등 유명한 관광지를 한꺼번에 경험할 수 있다.",▶ 삼천포 시외버스터미널에서 70번(부두 - 남양 - 광포) 승차 → 광포하차▶ 삼천포 시외버스터미널에서 20번(실안 - 광포) 승차 → 광포하차,사천IC → 사천IC 사거리 → 사천공항방면 → 송포사거리(실안·대방방면) → 삼천포마리나,"대륙성 기후와 해양성 기후의 혼합된 영향을 받아 여름은 서늘하고 겨울은 온화하여 평균기온 13.4℃로 겨울에도 춥지 않고, 여름에도 비교적 시원한 편이다. 강수량은 1,400mm로 남부 지방의 연평균강수향과 거의 비슷한 편이며, 5월7월에 강수가 집중된다.","삼천포 마리나항 남측의 대방수도에서 창조류, 낙조류가 각각 4.0kn, 4.2kn로 강하게 나타나며, 남서측 진주만 부근에서는 창조류, 낙조류가 각각 1.1kn, 0.8kn로 나타난다.","급유 : 일반 유류취급소 이용급수 : 자체조달수리 : 삼천포항 선박 수리점, 조선소 이용"
15,MULTIPOINT ((929190.861109741 1507765.85290437)),김녕항 마리나(제주),제주특별자치도 제주시,제주특별자치도 제주시 구좌읍 구좌해안로 229-16,"국가어항, 피셔리마리나/거점항",제주특별자치도 제주시 김녕리에 위치하여 깨끗한 바다와 부드러운 모래의 풍경과 어우러진 김녕해수욕장에 인접한 마리나이다.,버스▶ 1132번 지방도를 따라 김녕리 도착공항▶ 제주 국제 공항홈페이지 : www.airport.co.kr/mbs/jeju위치 : 제주특별자치도 제주시 용담2동 2002전화번호 : 1661-2626,▶ 1132지방도(해안도로)이용,"연최대풍속은 39.5m/s, 풍향은 북서풍이며 연평균풍속은 3.6m/s로, 풍향별 관측은 북북서풍(7시 방향)이 가장 우세하며, 북동풍과 북서풍의 풍향이 우세하게 나타나고 있다.연평균강수량은 1,477.1mm이며, 60.5%가 6~9월 사이에 집중된다.연평균기온은 15.8℃로 육지에 비해 온화한 편이며, 연중 최고기온은 37.4℃, 최저기온은 -6℃로 최대 43.4℃의 기온차이를 보인다.안개일수는 15.5일로 4월~7월 사이에 집중적으로 발생하는 것으로 나타난다.","제주도 연안의 평균 조차는 대조 시에 2.7m에 이르나 소조 시에는 1.3m에 불과하다. 일년 중 최대만조일은 음력 7월의 대조 시에 발생하는데 평균해수면이 제주항에서는 1.54m, 서귀포항에서는 1.8m로 높아진다. 풍향이 조류에 영향을 미치기도 하여 제주도연안에서 겨울의 북서풍은 조고와 해수면을 낮추는데 비하여 여름의 남동풍은 조고와 해수면을 높인다. 따라서 해수면이 가장 높은 기간은 6월에서 10월까지이다.",급유 : 수협 탱크로리 및 일반 유류 취급소 이용급수 : 자체조달수리 : 각 항구 선박수리점 이용
16,MULTIPOINT ((929242.214345394 1507604.25564865)),김녕항 마리나(김녕 요트투어),제주특별자치도 제주시,제주특별자치도 제주시 구좌읍 구좌해안로 229-16,"국가어항, 피셔리마리나/거점항",한라산 동쪽 수려한 자연경관 속 화려한 요트에서 즐길 수 있다.비지림과 만장굴 등의 마을 김녕에 럭셔리 슈퍼요트 투어를 시작으로 한국 요트의 지평을 열어간다.,버스▶ 1132번 지방도를 따라 김녕리 도착공항▶ 제주 국제 공항홈페이지 : www.airport.co.kr/mbs/jeju위치 : 제주특별자치도 제주시 용담2동 2002전화번호 : 1661-2626,▶ 1132지방도(해안도로)이용,"연최대풍속은 39.5m/s, 풍향은 북서풍이며 연평균풍속은 3.6m/s로, 풍향별 관측은 북북서풍(7시 방향)이 가장 우세하며, 북동풍과 북서풍의 풍향이 우세하게 나타나고 있다.연평균강수량은 1,477.1mm이며, 60.5%가 6~9월 사이에 집중된다.연평균기온은 15.8℃로 육지에 비해 온화한 편이며, 연중 최고기온은 37.4℃, 최저기온은 -6℃로 최대 43.4℃의 기온차이를 보인다.안개일수는 15.5일로 4월~7월 사이에 집중적으로 발생하는 것으로 나타난다.","제주도 연안의 평균 조차는 대조 시에 2.7m에 이르나 소조 시에는 1.3m에 불과하다. 일년 중 최대만조일은 음력 7월의 대조 시에 발생하는데 평균해수면이 제주항에서는 1.54m, 서귀포항에서는 1.8m로 높아진다. 풍향이 조류에 영향을 미치기도 하여 제주도연안에서 겨울의 북서풍은 조고와 해수면을 낮추는데 비하여 여름의 남동풍은 조고와 해수면을 높인다. 따라서 해수면이 가장 높은 기간은 6월에서 10월까지이다.",급유 : 수협 탱크로리 및 일반 유류 취급소 이용급수 : 자체조달수리 : 각 항구 선박수리점 이용
17,MULTIPOINT ((1168698.42313976 1784284.33674382)),포항 구항 마리나,경상북도 포항시,경상북도 포항시 남구 운하로 205(송도동),무역항,"폰툰(pontoon) 방식으로 제작되는 ‘국내 최초의 부력(浮力)식 해양공원’으로 지역주민과 방문객들에게 휴식과 볼거리를 제공하는 관광명소가 될 것으로 기대며, 문화와 휴식을 위한 친수공간으로 국민여가 휴양시설 지구로의 변모가 기대된다.","버스▶ 시외버스 터미널 - 육거리 105. 200번 버스(07:00~22:00, 10분 간격)▶ 고속버스 터미널 - 육거리 101. 102번 버스(07:00~22:00, 10분 간격)",▶ 대구-포항 고속도로 포항IC 7㎞▶ 국도 7호선(경주-영덕) 2m▶ 경부고속도로 경주IC 35m,"한반도 남동쪽 동해안에 위치한 포항지방은 북서쪽으로는 1,000m 이상의 준령들이 줄지어 태백산맥과 접해있고, 동쪽으로는 동해와 접해있음. 연평균 기온은 14.2도, 연평균 강수량은 1,152.0㎜이고, 여름의 평년 평균기온 24.0℃, 강수량 572.2㎜, 평균풍속 2.6m/s이며, 남서풍이 주풍으로 나타나고, 태풍이 대한해협을 통과하여 동해상으로 진출할 때 호우현상이 자주 발생함.","포항에서의 평균해수면은 0.12m, 대조승은 0.2m, 평균고조간격은 4시간 9분이다.",급유 : 일반 유류 취급소 이용급수 : 급수이용수리 : 각 항구 선박수리점 이용
18,MULTIPOINT ((1170806.20163631 1878471.04247307)),오산항 마리나,경상북도 울진군,경상북도 울진군 매화면 오산항길 59,국가어항,"국내·외 해양산업 전문교육기관과 공조를 통해 전문산업교육 프로그램을 개발하고 다양한 고객층에게 해양레포츠의 즐거움, 해양산업의 연구, 교육의 전문성을 모두 갖춘 최고의 해양레포츠센터로서 시설 운영에 최선을 다하여 울진군이 국제적인 명품 해양도시로 발전하는데 기여토록 하려한다.",버스▶ 917지방도(해안도로)를 따라 오산리 도착,▶ 영동고속도로 : 문막IC(118.3km) - 동해고속도로(45.0km) - 동해대로(85.1km) - 유엠아이 울진해양레포츠센터▶ 중부내륙고속도로 : 상주IC(12.44Km) - 경서로(28.5km) - 예영로(23.3km) - 파인토피아로(27.4km) - 불영계곡로(36.3km) - 유엠아이 울진해양레포츠센터▶ 중앙고속도로 : 제천IC(52.3km) - 파인토피아로(27.4km) - 불영계곡로(36.3km)- 유엠아이 울진해양레포츠센터▶ 경부고속도로 : 영동IC(104.6km) - 익산포항고속도로(69.3km) - 동해대로(100.4km) - 유엠아이 울진해양레포츠센터▶ 남해고속도로 : 하동IC(80.1km) - 중부내륙고속도로(49.2km) - 익산포항고속도로(61.2km) - 동해대로(81.3km) - 유엠아이 울진해양레포츠센터,"울진지방은 동쪽으로 바다와 접하고 서쪽으로 태백산맥이 동해와 급사면을 이루고 있는 남부동안형 지형특성을 가지며, 동한해류(난류)의 영향으로 대체로 온화하고 한서의 차이가 적으며, 내륙지방에 비해 강수량이 적은 편이나, 북동기류의 영향으로 지형성 강수가 빈번하게 유발됨.연평균기온은 12.6℃, 연평균강수량은 1,119.0㎜, 평균풍속 3.8m/s임. 여름(6~8월)에는 평년 평균기온 21.9℃, 강수량 501.4㎜, 평균풍속 4.0m/s이며, 오호츠크해 고기압의 영향으로 한랭다습한 동풍계열의 바람이 유입되어 선선함","오산항에 인접한 후포에서의 평균해수면은 0.14m, 대조승은 0.2m, 평균고조간격은 3시간 11분이다.",급유 : 이동 주유 이용급수 : 자체조달수리 : 죽변항 조선소 이용
19,MULTIPOINT ((1095434.25997425 2021890.00253262)),속초 마리나,강원도 속초시,강원도 속초시 조양동 1544-2,무역항,청정해역과 청초 호수가 어우러진 편안한 휴식공간 클럽하우스와 효과적인 비즈니스를 위한 회의 공간을 갖추고 있다.,"버스▶ 시내버스 : 66-1번 버스(6:35 ~ 19:35, 40분 간격)▶ 시내버스 : 7-1번 버스(5:35 ~ 21:25, 30분 간격)▶ 시내버스 : 9번 버스(5:30 ~ 21:10, 17분 간격)▶ 시내버스 : 9-1번 버스(5:38 ~ 21:50, 18분 간격)공항▶ 양양 국제공항 : 21.87㎞(41분 소요)",▶ 미시령고속도로 : TG 9.22㎞(19분 소요)▶ 동해고속도로 하조대IC : 31.18㎞(44분 소요),"높은 산맥정상을 중심으로 한 산악지방은 산악기후의 특성을 가지고 있고, 설악산의 급경사면이 바다와 접해 길고 좁은 단조로운 형태로 이루어져 해양성 기후에 가까운 기상특성을 많이 보이고 있다. 봄철에 남부지방에 있는 이동성 고기압으로부터 불어오는 SW풍이 태백산맥을 넘을 때 산악효과에 의하여 부는 강풍현상인 양간지풍, SW류 유입시 고산에 의한 푄현상, NE류에 의한 강수 및 저온현상 등이 대표적인 예라 할 수 있다. 속초지방의 연평균 기온은 12.2℃로 비교적 온화한 기후를 보이며, 이는 사계절에 걸쳐 동해상으로 유입되는 해풍의 영향을 받고 있기 때문이다. 연평균 강수량은 1402.2㎜로 도내에서는 비교적 비가 많은 지역이다. 한편, 겨울철에 발생하는 폭풍현상은 강한 북서 계절풍의 영향이나 4월과 5월에 걸쳐 나타나는 폭풍현상은 태백산맥의 지형적인 원인과 기상학적 원인이 복합적으로 작용하는 영동지방만의 특유한 현상이다.","속초의 평균해수면은 0.19m이고, 대조승은 0.3m, 평균고조간격은 3시간이다.",급유 : 일반 유류 취급소 이용급수 : 급수전이용수리 : 각 항구 선박수리점 이용
20,MULTIPOINT ((1085426.67798162 1648516.33333959)),통영항 마리나(통영),경상남도 통영시,경상남도 통영시 큰발개1길 33,무역항/레포츠형,남해안 해양문화의 중심지로 정규 요트 계류 및 부대시설의 인프라를 갖추고 요트 대중화와 해양관광활성화를 목표로 하고 있다.,"버스▶ 통영시외버스터미널 → 도남동(도남관광단지) 버스 101번, 121번, 141번(40분 소요)","▶ (서울) 서울IC - 경부고속도로 - 대전 비룡분기점 - 진주무주방면 - 대전-통영간 고속도로 - 북통영IC - 통영마리나▶ (부산) 서부산, 북부산-남해고속도로 - 서마산IC - 마산 - 고성 - 북통영IC ▶ 통영마리나","통영지방은 남해안에 위치하여 바다와 접해 있으며, 온대해양성 기후지역으로 기온의 연교차 23.0℃로 한서의 차가 심하지 않음.연평균기온은 14.7℃, 연평균강수량은 1,450.8㎜. 봄(3∼5월) : 평년 평균기온 13.2℃, 강수량 391.5㎜, 평균풍속 2.7m/s이며, 안개로 인한 시정장애 현상이 많음.여름(6∼8월) : 평년 평균기온 23.8℃, 강수량 736.9㎜, 평균풍속 2.5m/s이며, 국지적인 집중호우가 자주 발생함.","가조도 북부로 안정항로와 가조도 동부에서 칠천도 북서부를 지나가는 통영항로 부근의 조류는 0.5kn~0.9kn정도로 빠르지 않은 편이며, 칠천도 동부의 칠천수도 부근에는 1.4kn~1.8kn정도의 창조류와 낙조류가 발생된다. 용초도는 섬을 따라가며 거의 완벽한 왕복성 조류의 특성을 나타낸다. 한산도와 용초도 사이의 장강 수도에서 최대 2.9kn의 창조류와 1.5kn의 낙조류가 형성된다.한산도는 육지쪽에 가깝게 있어 조류가 약한 편이다.",급유 : 일반 유류 취급소 이용급수 : 자체조달수리 : 각 항구 수리점 이용
21,MULTIPOINT ((1109979.38273536 1649413.07494014)),지세포 마리나,경상남도 거제시,경상남도 거제시 일운면 지세포해안로 41(어항부지),국가어항/레포츠형,,"버스▶ 서울, 대전, 부산, 진주 시외버스 터미널 이용▶ 거제도 고현(신현) 및 옥포에서 정차하며 종점은 장승포시외버스 터미널공항▶ 김해공항에서 마산행 리무진 버그를 타고 종점에 내린 후 남마산 시외버스터미널로 이동하여 거제도행(고현, 장승포) 직행버스 이용","▶ 서울/수도권 : 대전, 통영 간 고속도로 ▶ 통영 ▶ 거제대교 ▶ 신현 ▶ 옥포 ▶ 장승포 ▶ 소동▶ 대구 : 구마고속도로 ▶ 서마산 IC ▶고성 ▶ 통영 ▶ 거제도(14번국도) - 지세포▶ 부산/울산 : 부산 ▶ 거가대교 ▶ 지세포","거제지방의 평균기온은 14.2℃이며, 최고기온은 18.9℃, 최저기온은 9.9℃이다. 평균습도는 63.7%이며 평년 강수량은 2007.3mm로 경남지방에서는 많은 편이다. 평균풍속은 1.7m/s이다.","지세포의 평균해수면은 0.96m이고, 대조승은 1.8m이며, 평균고조간격은 8시간 17분이다.","급유 : 수협선박급유소, 탱크로리급수 : 급수전 및 자체조달수리 : 소형선박수리"
22,MULTIPOINT ((947983.274754114 1948529.78628259)),서울 마리나,서울 영등포구,서울 영등포구 여의서로 160,레포츠형,"한국형 부띠크 마리나로서 도심의 문화, 교류, 관랑, 레저 , 비즈니스의 랜드마크로 자리하고 있다.",버스▶ 260번 여의도 요트나루역 하차 ▶ 구름다리 건너 왼편 100m 지하철▶ 9호선 국회의사당역 하차 - 1번 출구에서 260번 환승(1정거장 후 하차) ▶ 2호선 당산역 하차 - 4번 출구 육교 건너 오른편 국회 방향으로 도보(약15분),▶ 서울시 영등포구 여의도동 81번지 주소 입력 후 국회 둔치 주차장 입구를 지나 서울마리나 입구 진입 ,"한강은 서울의 중앙을 동에서 서로 관통하여 서해로 흐르고 한강의 지류인 중랑천, 청계천, 홍제천, 불광천, 탄천, 안양천, 양재천 등이 서울 전역에 분포한다. 서울의 연평균기온은 12.5℃이다. 최한월 평균기온은 -2.4℃로 1월에 나타나고 최난월 평균기온은 25.7℃로 8월에 나타나며, 연교차는 28.1℃로 매우 크다.여름철(6월, 7월, 8월) 강수량 합은 892.1mm로 연강수량의 약 61%를 차지하여 전체 강수량 중 여름철 강수량의 비율이 매우 높다.연평균 풍속은 2.3m/s이며, 월별 평균풍속은 9월에 1.9m/s로 가장 낮고 3월과 4월에 2.8m/s로 가장 높다.서울의 연평균 상대습도는 64%이며, 월별 상대습도를 보면 4월에 56%로 가장 습도가 낮고 7월에 78%로 가장 높게 분포한다. 여름철의 평균 상대습도는 74%로 매우 습하며, 봄과 겨울철의 상대습도는 약 60%로 상대적으로 건조하다.",,급유 : 일반 유류 취급점 이용급수 : 자체 조달수리 : 마리나 시설 이용
23,MULTIPOINT ((937373.487609934 1955873.86307773)),김포 마리나,경기도 김포시,경기도 김포시 고촌읍 아라육로 270번길 73,레포츠형,"2015년에 경인아라뱃길 아라마리나는 국내 최초로, 싱가포르와 중국에 이어 아시아에서는 세 번째로 국제 골드앵카 마리나 4.0인증을 획득하여 세계 수준의 공공마리나 기반을 갖추고 있다. 경인아라뱃길의 수향7경 내에 위치한 수도권 최대 규모의 아라마리나는 건강한 수상레저 문화를 만들기 위한 수상·육상 시설부터 마리나 클럽하우스의 다양한 친수편의시설까지 누구나 쉽고 편리하게 이용할 수 있다.","버스▶ 일반버스 : 김포2, 김포8, 김포9-1, 김포60, 김포60-3, 김포69, 631, 88, 95, 96, 1002, 860, 388▶ 직행버스 : 3000, 3100, 9004, 9008, 9501▶ 급행버스 : 8600▶ 간선버스 : 60-2, 672▶ 지선버스 : 6641▶ 마을버스 : 16번(개화역에서 탑승, 김포현대프리미엄 아울렛에서 하차 도보로 5분)※ 김포공항역에서 개화역까지 1정거장 지하철▶ 지하철 5호선, 9호선 김포공항역 ①번 출구 하차, 아라마리나 컨벤션 셔틀버스 탑승※ 김포공항~아라마리나(10분 소요)공항▶ 김포공항(국내선, 국제선)홈페이지 : www.airport.co.kr/mbs/gimpo ","▶ 김포에서 : 서울방향 김포한강로 - 김포터미널 방향 진입 - 화살표 방향 진입▶ 인천, 부천에서 : 벌말로(국도39호선) - 수송도로 삼거리 좌회전 - 백운교 오른쪽 램프도로 진입우회전 - 아라 파크웨이 - 화살표 방향 진입▶ 서울에서 : 올림픽대로 - 김포한강로 - 김포터미널 방향 진입 - 화살표 방향 진입▶ 고양, 서울 등에서 : 외곽순환도로 이용 시 외곽순환도로 김포IC(김포방면) 진출 - 화살표 방향 진입","기온은 연평균 12.7℃이고, 연평균 강수량은 1331.7mm이다.평균 풍속은 연평균 2.6m/s이며, 연평균 상대습도는 67%이다. (통계청 : 2002~2007)",,급유 : 이동 주유 이용급수 : 계류장내 수도 이용수리 : 마리나 시설 이용
24,MULTIPOINT ((906097.525282688 1736410.68275548)),격포항 마리나,전라북도 부안군,전라북도 부안군 변산면 격포리,국가어항 / 레포츠형,"변산반도에 소재하고 있는 전북요트마리나는 요트교육과 해양체험을 즐길 수 있는 아름다운 곳이다. 요트강습(딩기, 크루징), 해양체험(플라이피쉬, 바나나보트, 바다레프팅 등) 이용할 수 있으며 간교시에는 갯벌체험으로 해삼, 바지락, 전복 등을 채취할 수 있다. 청정해역에서 요트를 즐길 수 있는 지리적 여건과 요트 계류 시설을 가주고 있는 서해안 해양스포츠의 중심지이다.",버스▶ 시외버스 전주공용버스 터미널 - 격포공용버스터미널(1일 16회운행) - 도보 - 격포항▶ 시외버스 부안공용버스터미널 - 격포공용버스터미널 (10분간격운행) - 도보 - 격포항▶ 시내버스 부안 - 격포여객선터미널(1일8회 운행)▶ 시내버스 부안 - 변산.격포버스(30분간격) - 격포(하차) - 도보 - 격포항,▶ 서해안고속도로 - 부안IC 또는 줄포IC - 변산교차로 - 종암교차로 - 격포항삼거리,"일반적인 기상특성을 보면 부안내륙쪽으로 대륙성기후특성이, 내변산지역은 산악기후특성이 나타나고 있으며, 외변산은 서해바다에 접해있어 해양성 기후특성을 보이고 있다. 강수량은 6∼9월에 연강수량(1250.4mm)의 66%(약 823mm)이상이 집중적으로 내리고 있으나, 겨울철 강수량은 110.4mm로 여름철에 비해 큰 차이를 보이고 있다. 연평균 풍속은 1.6m/s로 다른 해안지역보다는 낮지만, 부안서남단에 위치한 격포항부근은 앞바다해상 보다도 풍속이 높게 나타날 정도로 강한 바람이 부는 경우가 간혹 있다. 겨울철 강설현상은 북서쪽의 차가운 대륙성고기압 확장시 소낙성 눈이 내리는 경우가 자주 있고, 때에 따라서는 폭설로 이어지는 경우도 연 1∼2회 있으며, 전북서남단에 위치한 지역특성상 서해안 적설관측의 첨병 역할을 톡톡히 하고 있다.",변산반도 서측해역은 외해로부터 유입된 창조류는 북동류하고 일부는 줄포만 입구로 2.5Kn이상 강하게 유입되며 낙조류는 이와 반대로 흐른다. 연간 최강 창조류는 0.8~2.8Kn이고 연간 최강낙조류는 0.8~2.7Kn이다.,급유 : 수협 면세유급수 : 자체조달수리 : 간단한 선박수리
25,MULTIPOINT ((903912.942036289 1502342.49064683)),도두항 마리나(제주도),제주특별자치도 제주시,제주특별자치도 제주시 도두항서길 26,"국가어항, 피셔리마리나/거점항",공공 마리나시설의 지속적인 신설로 관광수요 창출과 요트관광 수요 증가에 부응하기 위해 제주도가 동북아의 요트 중간 기항지로 자리매김하려한다.,"버스▶ 17번(제주고등학교~이호해수욕장), 7번(제주대~도평) 시내버스 운행공항▶ 제주 국제공항홈페이지 : www.airport.co.kr/mbs/jeju위치 : 제주특별자치도 제주시 용담2동 2002전화번호 : 1661-2626",▶ 1132번 지방도로를 따라 이동하여 도두동 도착,"연최대풍속은 39.5m/s, 풍향은 북서풍이며, 연평균풍속은 3.6m/s이다. 풍향별 관측은 북북동풍(1시 방향)이 가장 우세하며, 북동풍계열과 북서풍계열의 풍향이 우세하게 나타나고 있다.연평균 강수량은 1,477mm이며, 60.5%가 6월~9월 사이에 집중되고 있다.연평균기온은 15.8℃로 육지에 비해 온화한 편이며 연중 최고기온은 37.4℃, 최저기온은 -6.0℃로 최대 43.4℃의 기온차이를 보인다.안개일수는 15.5일로 4월~7월 사이에 집중적으로 발생하는 것으로 나타난다.","제주도 연안의 평균 조차는 대조 시에 2.7m에 이르나 소조 시에는 1.3m에 불과하다. 일년 중 최대만조일은 음력 7월의 대조 시에 발생하는데 평균해수면이 제주항에서는 1.54m, 서귀포항에서는 1.8m로 높아진다. 풍향이 조류에 영향을 미치기도 하여 제주도연안에서 겨울의 북서풍은 조고와 해수면을 낮추는데 비하여 여름의 남동풍은 조고와 해수면을 높인다. 따라서 해수면이 가장 높은 기간은 6월에서 10월까지이다.",급유 : 이동 주유 이용급수 : 자체조달수리 : 제주항 소재 선박조선소 이용
26,MULTIPOINT ((903881.261643487 1502118.4815114)),도두항 마리나(한라대학),제주특별자치도 제주시,제주특별자치도 제주시 도두항서길 26,"국가어항, 피셔리마리나/거점항","제주한라대학을 제주요트조종면허시험장 대행기관으로 선정되었으며, 제주한라대학 학생 및 지역주민 등을 대상으로 요트문화 및 해양레저 저변확대를 위해 노력하고 있다.","버스▶ 17번(제주고등학교~이호해수욕장), 7번(제주대~도평) 시내버스 운행공항▶ 제주 국제공항홈페이지 : www.airport.co.kr/mbs/jeju위치 : 제주특별자치도 제주시 용담2동 2002전화번호 : 1661-2626",▶ 1132번 지방도로를 따라 이동하여 도두동 도착,"연최대풍속은 39.5m/s, 풍향은 북서풍이며, 연평균풍속은 3.6m/s이다. 풍향별 관측은 북북동풍(1시 방향)이 가장 우세하며, 북동풍계열과 북서풍계열의 풍향이 우세하게 나타나고 있다.연평균 강수량은 1,477mm이며, 60.5%가 6월~9월 사이에 집중되고 있다.연평균기온은 15.8℃로 육지에 비해 온화한 편이며 연중 최고기온은 37.4℃, 최저기온은 -6.0℃로 최대 43.4℃의 기온차이를 보인다.안개일수는 15.5일로 4월~7월 사이에 집중적으로 발생하는 것으로 나타난다.","제주도 연안의 평균 조차는 대조 시에 2.7m에 이르나 소조 시에는 1.3m에 불과하다. 일년 중 최대만조일은 음력 7월의 대조 시에 발생하는데 평균해수면이 제주항에서는 1.54m, 서귀포항에서는 1.8m로 높아진다. 풍향이 조류에 영향을 미치기도 하여 제주도연안에서 겨울의 북서풍은 조고와 해수면을 낮추는데 비하여 여름의 남동풍은 조고와 해수면을 높인다. 따라서 해수면이 가장 높은 기간은 6월에서 10월까지이다.",급유 : 이동 주유 이용급수 : 자체조달수리 : 제주항 소재 선박조선소 이용
27,MULTIPOINT ((903770.586248791 1502179.68671841)),도두항 마리나(Blue One),제주특별자치도 제주시,제주특별자치도 제주시 도공로 4-6,"국가어항, 피셔리마리나/거점항",요트 및 요트클럽 제반시설을 이용하여 Yachting을 통한 회원상호간의 친목과 건강증진을 목적으로 한다.,"버스▶ 17번(제주고등학교~이호해수욕장), 7번(제주대~도평) 시내버스 운행공항▶ 제주 국제공항홈페이지 : www.airport.co.kr/mbs/jeju위치 : 제주특별자치도 제주시 용담2동 2002전화번호 : 1661-2626",▶ 1132번 지방도로를 따라 이동하여 도두동 도착,"연최대풍속은 39.5m/s, 풍향은 북서풍이며, 연평균풍속은 3.6m/s이다. 풍향별 관측은 북북동풍(1시 방향)이 가장 우세하며, 북동풍계열과 북서풍계열의 풍향이 우세하게 나타나고 있다.연평균 강수량은 1,477mm이며, 60.5%가 6월~9월 사이에 집중되고 있다.연평균기온은 15.8℃로 육지에 비해 온화한 편이며 연중 최고기온은 37.4℃, 최저기온은 -6.0℃로 최대 43.4℃의 기온차이를 보인다.안개일수는 15.5일로 4월~7월 사이에 집중적으로 발생하는 것으로 나타난다.","제주도 연안의 평균 조차는 대조 시에 2.7m에 이르나 소조 시에는 1.3m에 불과하다. 일년 중 최대만조일은 음력 7월의 대조 시에 발생하는데 평균해수면이 제주항에서는 1.54m, 서귀포항에서는 1.8m로 높아진다. 풍향이 조류에 영향을 미치기도 하여 제주도연안에서 겨울의 북서풍은 조고와 해수면을 낮추는데 비하여 여름의 남동풍은 조고와 해수면을 높인다. 따라서 해수면이 가장 높은 기간은 6월에서 10월까지이다.",급유 : 이동 주유 이용급수 : 자체조달수리 : 제주항 소재 선박조선소 이용
28,MULTIPOINT ((899133.008360706 1472942.63409609)),중문 마리나(마린파크),제주특별자치도 서귀포시,제주특별자치도 서귀포시 중문관광로 154-17(색달동 2950-5번지),마리나/거점항,"중문관광단지 내에 위치한 중문마린파크는 요트투어와 제트보트. 씨푸드 샹그릴라 레스토랑, 돌고래/바다사자/원숭이쇼를 볼 수 있는 퍼시픽랜드 등 새로운 휴양 문화를 즐길 수 있는 종합 테마파크이다.",버스▶ 서귀포 터미널에서 12번 국도 서회선(우회도로)을 따라 이동공항▶ 제주 국제공항홈페이지 : www.airport.co.kr/mbs/jeju위치 : 제주특별자치도 제주시 용담2동 2002 / 전화번호 : 1661-2626,평화로(1132지방도) - 중문광광단지내 ▶ 퍼시픽 랜드,"연 최대풍속은 26.2m/s, 풍향은 북북서풍(7시방향)이며, 연평균풍속은 3.0m/s으로 풍향별 관측증 북동풍이 가장 우세하게 나타난다.연평균 강수량은 1,880.3mm이며, 55.6%가 6~9월 사이에 집중된다. 연평균기온은 16.5℃로 육지에 비해 온화한 편이며, 연중최고기온은 35.6℃, 최저기온은 -6.3℃로 최대 41.9℃의 기온차이를 보인다.레저보트의 항행에 영향을 미치는 안개일수는 19.7일로 5~7월 사이에 집중적으로 발생하는 것으로 나타난다.","이 지역의 조류는 창조류 1kn전 후의 흐름을 보이며, 낙조류는 1kn미만의 흐름으로 조류가 제주도 다른 지역에 비해서 약한 편이다.",급유 : 일반 유류 취급소 이용급수 : 자체조달수리 : 각 항구 선박수리점 이용
29,MULTIPOINT ((901190.565667147 1472387.36189633)),대포항 마리나(JM그랑블루요트),제주특별자치도 서귀포시,제주특별자치도 서귀포시 대포로 174(대포동),지방어항,"바다낚시와 돌고래와의 MEETING, 이벤트 행사, 해녀체험 등의 선상라이프를 즐길 수 있다.","버스▶ 공항 리무진 버스 600번 운행, 대포항 정류장 하차 후 도보로 5분공항▶ 제주 국제공항홈페이지 : www.airport.co.kr/mbs/jeju위치 : 제주특별자치도 제주시 용담2동 2002전화번호 : 1661-2626",▶ 1139번 지방도를 따라 이동하여 대포항 도착,"서귀포시의 평균기온은 16.2℃이며, 강수량은 1850.8mm, 평균 풍속은 6.9m/s이다.","창조류는 1kn전 후의 흐름을 보이며, 낙조류는 1kn미만의 흐름으로 조류가 제주도 다른 지역에 비해서 약한 편이다.",급유 : 이동 주유 이용급수 : 자체조달수리 : 서귀포 또는 모슬포항 소재 수리시설 이용
30,MULTIPOINT ((898329.637372153 1643787.0250526)),목포 마리나,전라남도 목포시,전라남도 목포시 산정동 삼학로 88,레포츠형/무역항/기개발,목포 요트마리나는 서/남권 마리나산업의 랜즈마크로서 수년간 다수의 국제요트대회 및 해양문화행사를 개최하여 새롭고 다양한 해양레포츠 문화를 접할 수 있다. 특히 지정학적 이점으로 인해 자연재해로부터 안전하며 육/해상으로의 접근성이 뛰어나다. 현재 약 60여 척 규모의 육/해상 계류장을 비롯하여 클럽하우스 내 편의시설 및 국내 최대 규모의 인양기 등 서/남권 최고의 시설을 보유하고 있다.,지하철▶목포역 - 동명동 사거리방면 직진 - 우측 요트마리나 입구,▶경부고속도로-서천공주고속도로-서해안고속도로▶강남순환도시고속도로-서해안고속도로-고하대로,"목포 마리나가 속한 목포시는 하계에는 해양성기후, 동계에는 대륙 동안 기후대로 속한다. 연평균 강수량은 1,163.6mm이고 연평균 기온은 13.9℃이다. 연평균 풍속은 3.9㎧로 다소 강하게 분다.","목포항 부근에서 창조류 0.5kn, 낙조류 0.3kn로 조류가 약하게 나타난다.",급유 : 이동 주유 이용급수 : 계류장 내 수도이용수리 : 선외기 종류의 소형 선박만 가능
31,MULTIPOINT ((1013796.75787643 1638148.31252322)),소호 마리나,전라남도 여수시,전라남도 여수시 소호동 소호로 392,거점형/기타연안/기개발,"청정해역 가막만 소호동에 있는 레저시설이다.수상스키, 윈드서핑, 요트경주 등 수상스포츠를 즐길 수 있는 명소일 뿐만 아니라 종려나무 가로수와 조망이 좋은 포구가 이국적인 정취를 자아내 사람들이 즐겨 찾는 곳이다.","버스▶88, 2000, 27",▶경부고속도로-논산천안고속도로-순천완주고속도로,"여수지방은 연평균기온이 14℃정도이고, 연평균상대습도는 68%정도이나 겨울철의 상대습도는 타지역보다 5~6% 낮으며, 연평균풍속은 4.0m/s정도이고, 연강수량은 1,400mm정도이다.연간 맑은 날은 113일, 흐린 날은 96일 정도이며, 안개는 24일정도 끼고 뇌전수일은 8일정도 이며, 폭풍일수는 12일 정도이다.","소호 마리나항 남동측의 소경도 부근으로 창조류는 서측, 낙조류는 남동측으로 흐르며 각각 0.3km로 다소 약하게 나타난다.돌산도 신기선착장 부근은 왕복성 조류가 해안선 방향으로 평행하게 흐흐고 화태도 부근의 유속은 창, 낙조류가 각각 3.0kn, 2.9kn를 나타내고 있으며, 종호동 방파제부근 유속은 창, 낙조류가 각각 0.5kn, 0.8kn로 나타난다.",급유 : 일반 유류취급소 이용급수 : 자체조달수리 : 각 항구 선박수리점 이용
32,MULTIPOINT ((899098.046441461 1940277.89736533)),왕산 마리나,인천시 중구,인천시 중구 을왕동 980번지,,서해와 맞닿은 수도권 근교 최상의 입지에 위치하고 있고 인천 국제공항과 인접하여 글로벌 마리나로 발전 계획이다. 많은 사람들이 다양한 해양스포츠를 즐길 수 있는 복합리조트를 지향하고 요트 계류에 필요한 각종 편의시설을 지원한다.중소형 및 슈퍼요트를 계류할 수 있는 총 266선석의 최신 해상 계류시설을 갖추고 있고 해상계류장 내 수심 상시 3.5m 이상 유지로 365일 바다로 접근이 가능하다.,"버스▶111, 306",▶강변북로-인천국제공항고속도로-영종해안북로▶경명대로-인천국제공항고속도로-영종해안북로,,,예정
33,MULTIPOINT ((924579.595844028 1910087.87011551)),전곡 마리나,경기도 화성시,경기도 화성시 서신면 전곡항로 5,지방어항/레포츠형,"남양반도 서측의 전곡항 내에 위치하고 있으며, 서해안 관광벨트 개발계획에 의해 전국 최초로 레저어항 시범지역으로 선정된 해양관광 및 레저의 중심지이다.이곳에서는 매년 코리아매치컵 세계요트대회와 경기화성 해양 페스티벌, 국제보트쇼 등 다양한 행사가 개최된다. 최근에는 계류장 외레도 공유수면 1만 6600㎥을 메우고 어항 기본시설은 물양장과 선양장 등을 조성하였다.","버스▶ 1004-1번, 1002번 ",▶서울 : 서해안고속도로-비봉IC-화성로 진입(전곡항 방면 25KM)-전곡항교차로(좌회전)-전곡항(0.6KM)▶수원터미널 : 수원터미널(수원역 방면)-벌말교차로 좌회전(1.8KM)-비봉IC(10.5KM)-화성로 진입(전곡항 방면 25KM)▶화성시청 : 화성시청-남양시장로 제부도 방면 진입(1.8KM)-샘터교차로 좌회전(1.5KM)-전곡항 교차로(좌회전)-전곡항(0.6KM)▶병점역 : 병점사거리-북오산IC(3.2KM)-봉담IC(14.7KM)-오목천삼거리 좌회전(1.8KM)-비봉IC(6.3KM)-화성로 진입(전곡항 방면 25KM)-전곡항교차로(좌회전)-전곡항(0.6KM),연평균 강수량 1301.5mm (통계청 2001~2012),"아산만 부근의 풍도에서 평균해수면은 4.32m, 대조승은 7.9m, 소조승은 6.0m이며, 평균고조간격은 4시간 08분이다.",급유 : 일반 유류취급소 이용급수 : 자체조달수리 : 각 항구 선박수리점 이용
35,MULTIPOINT ((1103075.07423341 2009212.76230881)),수산 마리나,강원도 양양군,강원도 양양군 손양면 수산1길 20-24,국가어항/레포츠형,"수산항 내에 위치하여 클럽하우스와 요트 60여척이 계류할 수 있는 시설을 갖추고 있다.요트학교와 연계한 해양레져 스포츠 체험교실을 운영하여 2013년에는 약 13만여명의 관광객이 참여했고 무료 요트학교도 연간 6000명이 수료하는 동해안 최대의 마리나 시설이다.향후 계류시설을 100척 규모로 확대하고 요트수리시설과 편의시설 확충하며, 다양한 요트투어 상품을 개발할 예정이다.",버스▶양양시외고속터미널-수산리항공▶양양국제공항,▶올림픽대로-서울양양고속도로-설악로,"영동북부지역은 강원도 동북쪽에 위치해 있으며 남북으로 뻗은 태백산맥에는 주 봉인 설악산의 대청봉(1,708m)을 비롯해 향로봉(1,293m)등 해발800~1,700m의 크고 작은 산이 분포되어 있으며, 높은 산맥정상을 중심으로 한 산악지방운 산악기후의 특성을 가지고 있고, 설악산의 급경사면이 바다와 접해 길고 좁은 단조로운 형태로 이루어져 해양성 기후에 가까운 기상특성을 많이 보이고 있다. 봄철에 남부지방에 있는 이동성 고기압으로부터 불어오는 SW풍이 태백산맥을 넘을 때 산악효과에 의하여 부는 강풍현상인 양간지풍, SW류 유입 시 고산에 의한 푄현상, NE류에 의한 강수 및 저온현상 등이 대표적인 예라 할 수 있다.","수산항의 평균해수면은 0.2m이고, 대조승은 0.3m, 평균고조간격은 2시간 57분이다.","급유 : 이동 주유 이용급수 : 자체조달수리 : 주문진, 속초항 소재 선박수리점 이용"
36,MULTIPOINT ((1182361.75076692 1766456.80290264)),양포 마리나(양포항 마리나),경상북도 포항시,경상북도 포항시 남구 장기면 양포항길 6,국가어항/레포츠형,"동해안 해양레저활성화와 요트 계류의 목적으로 폰툰시설을 설치 후 운영되어 왔으나 너울성 파도와 기상악화 등으로 인해 폰툰시설을 철거하고 2011년부터는 안전한 앵커블록 고정방식으로 재건설되어 운영되고 있다.현재 계류시설을 36척의 요트가 계류 할 수 있으나, 어민들의 건의로 어선 12척, 요트 24척을 계류하고 있다. 요트시설의 운영은 포항시청 수산진흥과에서 관리하고 있다.",버스▶800  구룡포지-양포삼거리 하차,▶영동고속도로-중부내륙고속도로-상주영천고속도로,"한반도 남동쪽 동해안에 위치한 포항지방은 북서쪽으로는 1,000m 이상의 준령들이 줄 지어 태백산맥과 접해있고, 동쪽으로는 동해와 접해있음.연평균 기온은 14.2도, 연평균 강수향은 1,152.0mm이고, 여름의 평년 평균기온 24.0℃, 강수량 572.2mm, 평균풍속 2.6㎧이며, 남서풍이 주풍으로 나타나고, 태풍이 대한해협을 통과하여 동해상으로 진출할 때 호우현상이 자주 발생함.","양포항에서의 평균해수면은 0.12m, 대조승은 0.2m, 평균고조간격은 4시간 50분이다.",급유 : 일반 유류취급소 이용급수  급수전 이용수리 : 각 항구 수리점 이용
37,MULTIPOINT ((1174415.15693216 1854927.03157713)),후포 마리나(후포항 마리나),경상북도 울진군,경상북도 울진군 후포면 울진대게로 98,연안항,"1986년 창립한 경북요트협회는 연안항인 후포항 서방파제 기부 부근에 위치하며, 요트의 저변확대와 선수육성을 위하여 여름에는 요트, 서핑, 세일링 교실을 운영하고 있고 코리아컵 요트대회 등 해양스포츠 행사 유치, 후포면의 자연경관홍보 등의 목적으로 건립되어 운영되고 있다.",버스▶ 시외버스 후포공용시외버스터미널▶평해-후포 후포7리 하차,▶영동고속도로-평택제천고속도로-중앙고속도로▶영동고속도로-중부내륙고속도로-당진영덕고속도로,"울지지방은 동쪽으로 바다와 접하고 서쪽으로 태백산맥이 동해와 급하면을 이루고 있는 남부동안형 지형특성을 가지며, 동한해류(난류)의 영향으로 대체로 온화하고 한서의 차이가 적으며, 내륙지방에 비해 강수량이 적은 편이나, 북동기류의 영향으로 지형성 강수가 빈번하게 유발됨.연평균기온은 12.6℃, 연평균강수향은 1,119.0mm, 평균풍속 4.0㎧이며, 오호츠크해 고기압의 영향으로 한랭다습한 동풍계열의 바람이 유입되어 선선함","후포에서의 평균해수면은 0.14m, 대조승은 0.2m, 평균고조간격은 3시간 11분이다.",급유 : 일반 유류 취급소 이용급수 : 급수전 이용수리 : 소형선박수리
38,MULTIPOINT ((922424.328066669 1909013.04277501)),제부 마리나,경기도 화성시,경기도 화성시 서신면 제부리 제부항 일원,,,,,,,
39,MULTIPOINT ((906676.908845228 1890302.74684618)),삼길포항 마리나,충청남도 서산시,충남 서산시 대산읍 화곡리,,"삼길포항 마리나는 국가어항 내 유후 정온수역에 위치하고 있으며, 주요 이용 선박은 모터보트와 낚시배임클럽하우스등 편의시설은 없으며 급수, 급전 시설을 갖추고 있음",,,,,
